{
	"$schema": "https://schemas.wp.org/wp/6.9/theme.json",
	"customTemplates": [
		{
			"name": "blank",
			"postTypes": [
				"page",
				"post"
			],
			"title": "Blank"
		},
		{
			"name": "single-post-sidebar-on-right",
			"postTypes": [
				"post"
			],
			"title": "Single Post (Sidebar on Right)"
		},
		{
			"name": "single-post-sidebar-on-left",
			"postTypes": [
				"post"
			],
			"title": "Single Post (Sidebar on Left)"
		},
		{
			"name": "single-post-no-sidebar",
			"postTypes": [
				"post"
			],
			"title": "Single Post (No Sidebar)"
		},
		{
			"name": "single-page-sidebar-on-right",
			"postTypes": [
				"page"
			],
			"title": "Single Page (Sidebar on Right)"
		},
		{
			"name": "single-page-sidebar-on-left",
			"postTypes": [
				"page"
			],
			"title": "Single Page (Sidebar on Left)"
		},
		{
			"name": "page-no-title",
			"postTypes": [
				"page"
			],
			"title": "Page (No Title / Feature Image)"
		},
		{
			"name": "blog-page-right-sidebar",
			"postTypes": [
				"page"
			],
			"title": "Blog Page (Right Sidebar)"
		},
		{
			"name": "blog-page-left-sidebar",
			"postTypes": [
				"page"
			],
			"title": "Blog Page (Left Sidebar)"
		},
		{
			"name": "blog-page-no-sidebar",
			"postTypes": [
				"page"
			],
			"title": "Blog Page (No Sidebar)"
		}
	],
	"settings": {
		"appearanceTools": true,
		"color": {
			"duotone": [
				{
					"colors": [
						"#ffffff",
						"#000000"
					],
					"name": "Foreground and background",
					"slug": "foreground-and-background"
				},
				{
					"colors": [
						"#4F8BFF",
						"#222222"
					],
					"name": "Primary and Heading",
					"slug": "primary-and-heading"
				}
			],
			"gradients": [
				{
					"gradient": "linear-gradient(to bottom,var(--wp--preset--color--foreground) 0%,var(--wp--preset--color--background) 100%)",
					"name": "Vertical foreground to background",
					"slug": "vertical-foreground-to-background"
				},
				{
					"gradient": "linear-gradient(to bottom,var(--wp--preset--color--background) 0%,var(--wp--preset--color--foreground) 100%)",
					"name": "Vertical background to foreground",
					"slug": "vertical-background-to-foreground"
				},
				{
					"gradient": "linear-gradient(to bottom right,var(--wp--preset--color--primary) 0%,var(--wp--preset--color--foreground) 100%)",
					"name": "Diagonal primary to foreground",
					"slug": "diagonal-primary-to-foreground"
				},
				{
					"gradient": "linear-gradient(to bottom right,var(--wp--preset--color--primary) 50%,var(--wp--preset--color--background) 50%)",
					"name": "Diagonal primary to background",
					"slug": "diagonal-primary-to-background"
				},
				{
					"gradient": "linear-gradient(to bottom right,var(--wp--preset--color--primary) 50%,var(--wp--preset--color--heading) 50%)",
					"name": "Diagonal primary to heading",
					"slug": "diagonal-primary-to-heading"
				}
			],
			"palette": [
				{
					"color": "#4F8BFF",
					"name": "Primary",
					"slug": "primary"
				},
				{
					"color": "#060B30",
					"name": "Secondary",
					"slug": "secondary"
				},
				{
					"color": "#222222",
					"name": "Heading",
					"slug": "heading"
				},
				{
					"color": "#071D48",
					"name": "Footer Bg",
					"slug": "footer-bg"
				},
				{
					"color": "#797979",
					"name": "Body Text",
					"slug": "body-text"
				},
				{
					"color": "#999999",
					"name": "Tertiary Text Color",
					"slug": "tertiary-text-color"
				},
				{
					"color": "#f6f7fa",
					"name": "Tertiary Bg Color",
					"slug": "tertiary-bg-color"
				},
				{
					"color": "#dadada",
					"name": "Border Color",
					"slug": "border-color"
				},
				{
					"color": "#ffffff",
					"name": "Background",
					"slug": "background"
				},
				{
					"color": "#000000",
					"name": "Foreground",
					"slug": "foreground"
				}
			]
		},
		"custom": {
			"spacing": {
				"column-gap": "clamp(30px, 5.5vw, 40px)",
				"columns-gap": "clamp(35px, 5.5vw, 56px)",
				"extra-small": "clamp(14px, 2.5vw, 21px)",
				"footer-gap": "clamp(42px, 5.5vw, 70px)",
				"large": "clamp(5.5rem, 10vw, 5.0625rem)",
				"main-block-gap": "clamp(35px, 5.5vw, 84px)",
				"medium": "clamp(2rem, 8vw, calc(4 * var(--wp--style--block-gap)))",
				"normal": "clamp(21px, 3.5vw, 35px)",
				"outer": "var(--wp--custom--spacing--small, 1.25rem)",
				"section-block-bottom": "clamp(42px, 5.5vw, 105px)",
				"section-block-top": "clamp(42px, 5.5vw, 105px)",
				"section-heading": "clamp(28px, 5.5vw, 42px)",
				"small": "max(1.75rem, 5.5vw)",
				"wp-block-page-numbers": "clamp(49px, 8vw, 63px)",
				"wp-block-sidebar": "clamp(0px,8vw,21px)",
				"wp-block-sidebar-widget": "clamp(30px, 5.5vw, 63px)",
				"wp-comment-horizontal": "clamp(30px, 5.5vw, 56px)",
				"wp-comment-vertical": "clamp(30px, 5.5vw, 49px)",
				"wp-post": "clamp(30px, 5.5vw, 49px)"
			},
			"typography": {
				"font-size": {
					"heading-five": "clamp(18px,1.3vw,24px)",
					"heading-four": "clamp(24px,1.5vw,28px)",
					"heading-one": "clamp(42px,3vw,56px)",
					"heading-six": "18px",
					"heading-three": "clamp(28px,1.9vw,36px)",
					"heading-two": "clamp(32px,2.6vw,49px)",
					"section-title": "clamp(32px,2.6vw,42px)"
				},
				"font-weight": {
					"bold": 700,
					"light": 300,
					"medium": 500,
					"normal": 400,
					"semi-bold": 600
				},
				"line-height": {
					"extra-small": "21px",
					"heading-five": "1.458333333333333",
					"heading-four": "1.5",
					"heading-one": "1.11",
					"heading-six": "1.56",
					"heading-three": "1.361",
					"heading-two": "1.28",
					"normal": "normal",
					"paragraph": "1.75",
					"post-title": "1.11",
					"small": "28px"
				}
			}
		},
		"layout": {
			"contentSize": "760px",
			"wideSize": "1400px"
		},
		"spacing": {
			"units": [
				"%",
				"px",
				"em",
				"rem",
				"vh",
				"vw"
			]
		},
		"typography": {
			"defaultFontSizes": false,
			"dropCap": true,
			"fontFamilies": [
				{
					"fontFace": [
						{
							"fontFamily": "Inter",
							"fontStretch": "normal",
							"fontStyle": "normal",
							"fontWeight": "100",
							"src": [
								"file:./assets/fonts/Inter/static/Inter_18pt-Thin.ttf"
							]
						},
						{
							"fontFamily": "Inter",
							"fontStretch": "normal",
							"fontStyle": "normal",
							"fontWeight": "200",
							"src": [
								"file:./assets/fonts/Inter/static/Inter_18pt-ExtraLight.ttf"
							]
						},
						{
							"fontFamily": "Inter",
							"fontStretch": "normal",
							"fontStyle": "normal",
							"fontWeight": "300",
							"src": [
								"file:./assets/fonts/Inter/static/Inter_18pt-Light.ttf"
							]
						},
						{
							"fontFamily": "Inter",
							"fontStretch": "normal",
							"fontStyle": "normal",
							"fontWeight": "400",
							"src": [
								"file:./assets/fonts/Inter/static/Inter_18pt-Regular.ttf"
							]
						},
						{
							"fontFamily": "Inter",
							"fontStretch": "normal",
							"fontStyle": "normal",
							"fontWeight": "500",
							"src": [
								"file:./assets/fonts/Inter/static/Inter_18pt-Medium.ttf"
							]
						},
						{
							"fontFamily": "Inter",
							"fontStretch": "normal",
							"fontStyle": "normal",
							"fontWeight": "600",
							"src": [
								"file:./assets/fonts/Inter/static/Inter_18pt-SemiBold.ttf"
							]
						},
						{
							"fontFamily": "Inter",
							"fontStretch": "normal",
							"fontStyle": "normal",
							"fontWeight": "700",
							"src": [
								"file:./assets/fonts/Inter/static/Inter_18pt-Bold.ttf"
							]
						},
						{
							"fontFamily": "Inter",
							"fontStretch": "normal",
							"fontStyle": "normal",
							"fontWeight": "800",
							"src": [
								"file:./assets/fonts/Inter/static/Inter_18pt-ExtraBold.ttf"
							]
						},
						{
							"fontFamily": "Inter",
							"fontStretch": "normal",
							"fontStyle": "normal",
							"fontWeight": "900",
							"src": [
								"file:./assets/fonts/Inter/static/Inter_18pt-Black.ttf"
							]
						}
					],
					"fontFamily": "\"Inter\", sans-serif",
					"name": "Inter",
					"slug": "inter"
				},
				{
					"fontFace": [
						{
							"fontFamily": "Katibeh",
							"fontStretch": "normal",
							"fontStyle": "normal",
							"fontWeight": "400",
							"src": [
								"file:./assets/fonts/Katibeh/Katibeh-Regular.ttf"
							]
						}
					],
					"fontFamily": "\"Katibeh\", serif",
					"name": "Katibeh",
					"slug": "katibeh"
				},
				{
					"fontFace": [
						{
							"fontFamily": "Cardo",
							"fontStyle": "normal",
							"fontWeight": "400",
							"src": [
								"http://drogueria-interrebajas-web.test/wp-content/plugins/woocommerce/assets/fonts/cardo_normal_400.woff2"
							]
						}
					],
					"fontFamily": "Cardo",
					"name": "Cardo",
					"slug": "cardo"
				},
				{
					"fontFace": [
						{
							"fontFamily": "Adamina",
							"fontStyle": "normal",
							"fontWeight": "400",
							"src": "http://drogueria-interrebajas-web.test/wp-content/uploads/fonts/j8_r6-DH1bjoc-dwu-_eETl4Bno.woff2"
						}
					],
					"fontFamily": "Adamina, serif",
					"name": "Adamina",
					"slug": "adamina"
				}
			],
			"fontSizes": [
				{
					"name": "Tiny",
					"size": "13px",
					"slug": "tiny"
				},
				{
					"name": "Extra Small",
					"size": "14px",
					"slug": "extra-small"
				},
				{
					"name": "Small",
					"size": "15px",
					"slug": "small"
				},
				{
					"name": "Medium",
					"size": "16px",
					"slug": "medium"
				},
				{
					"name": "Upper Heading",
					"size": "18px",
					"slug": "upper-heading"
				},
				{
					"name": "Normal",
					"size": "clamp(18px,1.6vw,20px)",
					"slug": "normal"
				},
				{
					"name": "Content Heading",
					"size": "clamp(22px,4.2vw,24px)",
					"slug": "content-heading"
				},
				{
					"name": "Site Title",
					"size": "clamp(18px,4.2vw,28px)",
					"slug": "site-title"
				},
				{
					"name": "Post Title",
					"size": "clamp(24px,3vw,36px)",
					"slug": "post-title"
				},
				{
					"name": "Large",
					"size": "clamp(28px,4.2vw,32px)",
					"slug": "large"
				},
				{
					"name": "Extra large",
					"size": "clamp(32px,6vw,36px)",
					"slug": "extra-large"
				},
				{
					"name": "Semi Huge",
					"size": "clamp(42px,7.5vw,90px)",
					"slug": "semi-huge"
				},
				{
					"name": "Huge (Display)",
					"size": "clamp(56px,6vw,120px)",
					"slug": "huge"
				}
			]
		}
	},
	"styles": {
		"blocks": {
			"core/button": {
				"border": {
					"color": "transparent",
					"radius": "5px",
					"style": "solid",
					"width": "0"
				},
				"color": {
					"background": "var(--wp--preset--color--secondary)",
					"text": "var(--wp--preset--color--white)"
				},
				"spacing": {
					"margin": {
						"top": "clamp(24px,3vw,35px)"
					},
					"padding": {
						"bottom": "clamp(10px,3vw,15px)",
						"left": "clamp(32px,3vw,42px)",
						"right": "clamp(32px,3vw,42px)",
						"top": "clamp(10px,3vw,15px)"
					}
				},
				"typography": {
					"fontSize": "var(--wp--preset--font-size--small)",
					"lineHeight": "var(--wp--custom--typography--line-height--paragraph)"
				}
			},
			"core/heading": {
				"color": {
					"text": "var(--wp--preset--color--heading)"
				},
				"spacing": {
					"margin": {
						"bottom": "clamp(7px, 2vw, 14px)",
						"top": "0"
					}
				},
				"typography": {
					"fontFamily": "var(--wp--preset--font-family--inter)",
					"fontWeight": "var(--wp--custom--typography--font-weight--normal)"
				}
			},
			"core/latest-comments": {
				"elements": {
					"h3": {
						"typography": {
							"fontSize": "var(--wp--custom--typography--font-size--heading-four)",
							"lineHeight": "var(--wp--custom--typography--line-height--heading-four)"
						}
					}
				},
				"spacing": {
					"padding": {
						"top": "var(--wp--custom--spacing--normal)"
					}
				},
				"typography": {
					"fontSize": "var(--wp--preset--font-size--normal)",
					"fontWeight": "var(--wp--custom--typography--font-weight--normal)",
					"lineHeight": "var(--wp--custom--typography--line-height--paragraph)"
				}
			},
			"core/navigation": {
				"color": {
					"text": "var(--wp--preset--color--heading)"
				},
				"elements": {
					"link": {
						"color": {
							"text": "var(--wp--preset--color--heading)"
						}
					}
				},
				"typography": {
					"fontFamily": "var(--wp--preset--font-family--inter)",
					"fontSize": "var(--wp--preset--font-size--medium)",
					"fontWeight": "var(--wp--custom--typography--font-weight--normal)",
					"lineHeight": "1.87"
				}
			},
			"core/post-author": {
				"color": {
					"text": "var(--wp--preset--color--tertiary)"
				},
				"typography": {
					"fontSize": "var(--wp--preset--font-size--tiny)",
					"fontWeight": "var(--wp--custom--typography--font-weight--normal)",
					"lineHeight": "var(--wp--custom--typography--line-height--normal)",
					"textTransform": "uppercase"
				}
			},
			"core/post-comments": {
				"elements": {
					"h3": {
						"typography": {
							"fontSize": "var(--wp--custom--typography--font-size--heading-four)",
							"lineHeight": "var(--wp--custom--typography--line-height--heading-four)"
						}
					}
				},
				"spacing": {
					"padding": {
						"top": "var(--wp--custom--spacing--normal)"
					}
				},
				"typography": {
					"fontSize": "var(--wp--preset--font-size--normal)",
					"fontWeight": "var(--wp--custom--typography--font-weight--normal)",
					"lineHeight": "var(--wp--custom--typography--line-height--paragraph)"
				}
			},
			"core/post-date": {
				"color": {
					"text": "var(--wp--preset--color--body-text)"
				},
				"typography": {
					"fontSize": "var(--wp--preset--font-size--tiny)",
					"fontWeight": "var(--wp--custom--typography--font-weight--normal)",
					"lineHeight": "var(--wp--custom--typography--line-height--normal)",
					"textTransform": "uppercase"
				}
			},
			"core/post-navigation-link": {
				"color": {
					"text": "var(--wp--preset--color--body-text)"
				},
				"typography": {
					"fontSize": "var(--wp--preset--font-size--medium)",
					"fontWeight": "var(--wp--custom--typography--font-weight--normal)",
					"lineHeight": "var(--wp--custom--typography--line-height--paragraph)"
				}
			},
			"core/post-terms": {
				"color": {
					"text": "var(--wp--preset--color--tertiary)"
				},
				"typography": {
					"fontSize": "var(--wp--preset--font-size--tiny)",
					"fontWeight": "var(--wp--custom--typography--font-weight--normal)",
					"lineHeight": "var(--wp--custom--typography--line-height--normal)",
					"textTransform": "uppercase"
				}
			},
			"core/post-title": {
				"color": {
					"text": "var(--wp--preset--color--heading)"
				},
				"spacing": {
					"margin": "0"
				},
				"typography": {
					"fontSize": "var(--wp--custom--typography--font-size--post-title)",
					"fontWeight": "var(--wp--custom--typography--font-weight--normal)",
					"lineHeight": "var(--wp--custom--typography--line-height--post-title)",
					"textTransform": "capitalize"
				}
			},
			"core/preformatted": {
				"border": {
					"bottom": {
						"style": "none",
						"width": "0px"
					},
					"left": {
						"style": "none",
						"width": "0px"
					},
					"radius": "0px",
					"right": {
						"style": "none",
						"width": "0px"
					},
					"style": "none",
					"top": {
						"style": "none",
						"width": "0px"
					},
					"width": "0px"
				},
				"color": {
					"text": "var(--wp--preset--color--background)"
				},
				"spacing": {
					"padding": "30px"
				},
				"typography": {
					"fontFamily": "var(--wp--preset--font-family--katibeh)",
					"fontSize": "31px",
					"fontWeight": "var(--wp--custom--typography--font-weight--normal)",
					"lineHeight": "1"
				}
			},
			"core/query-title": {
				"spacing": {
					"margin": {
						"bottom": "var(--wp--custom--spacing--wp-comment-horizontal)"
					}
				},
				"typography": {
					"fontSize": "var(--wp--preset--font-size--post-title)",
					"fontWeight": "var(--wp--custom--typography--font-weight--bold)",
					"lineHeight": "var(--wp--custom--typography--line-height--heading-three)"
				}
			},
			"core/quote": {
				"border": {
					"width": "0"
				},
				"spacing": {
					"padding": "0"
				}
			},
			"core/separator": {
				"color": {
					"text": "var(--wp--preset--color--border-color)"
				}
			},
			"core/site-tagline": {
				"color": {
					"text": "var(--wp--preset--color--body-text)"
				},
				"spacing": {
					"margin": "0"
				},
				"typography": {
					"fontSize": "var(--wp--preset--font-size--tiny)",
					"lineHeight": "var(--wp--custom--typography--line-height--extra-small)"
				}
			},
			"core/site-title": {
				"typography": {
					"fontSize": "var(--wp--preset--font-size--site-title)",
					"fontWeight": "var(--wp--custom--typography--font-weight--semi-bold)",
					"lineHeight": "1.31",
					"textTransform": "capitalize"
				}
			},
			"core/social-links": {
				"typography": {
					"fontSize": "var(--wp--preset--font-size--normal)"
				}
			},
			"core/verse": {
				"color": {
					"text": "var(--wp--preset--color--body-text)"
				},
				"spacing": {
					"padding": "30px"
				},
				"typography": {
					"fontSize": "var(--wp--preset--font-size--normal)",
					"fontWeight": "var(--wp--custom--typography--font-weight--normal)",
					"lineHeight": "var(--wp--custom--typography--line-height--paragraph)"
				}
			}
		},
		"color": {
			"background": "var(--wp--preset--color--background)",
			"text": "var(--wp--preset--color--foreground)"
		},
		"css": ".wp-block-search .wp-block-search__inside-wrapper{\n background-color:transparent !important;\n}\n",
		"elements": {
			"button": {
				"color": {
					"text": "var(--wp--preset--color--tertiary-bg-color)"
				}
			},
			"h1": {
				"typography": {
					"fontSize": "var(--wp--custom--typography--font-size--heading-one)",
					"lineHeight": "var(--wp--custom--typography--line-height--heading-one)"
				}
			},
			"h2": {
				"typography": {
					"fontSize": "var(--wp--custom--typography--font-size--heading-two)",
					"lineHeight": "var(--wp--custom--typography--line-height--heading-two)"
				}
			},
			"h3": {
				"typography": {
					"fontSize": "var(--wp--custom--typography--font-size--heading-three)",
					"lineHeight": "var(--wp--custom--typography--line-height--heading-three)"
				}
			},
			"h4": {
				"typography": {
					"fontSize": "var(--wp--custom--typography--font-size--heading-four)",
					"lineHeight": "var(--wp--custom--typography--line-height--heading-four)"
				}
			},
			"h5": {
				"typography": {
					"fontSize": "var(--wp--custom--typography--font-size--heading-five)",
					"lineHeight": "var(--wp--custom--typography--line-height--heading-five)"
				}
			},
			"h6": {
				"typography": {
					"fontSize": "var(--wp--custom--typography--font-size--heading-six)",
					"lineHeight": "var(--wp--custom--typography--line-height--heading-six)"
				}
			},
			"link": {
				":hover": {
					"color": {
						"text": "var(--wp--preset--color--border-color)"
					}
				},
				"color": {
					"text": "var(--wp--preset--color--body-text)"
				}
			}
		},
		"spacing": {
			"blockGap": "1.5rem"
		},
		"typography": {
			"fontFamily": "var(--wp--preset--font-family--inter)",
			"fontSize": "var(--wp--preset--font-size--normal)",
			"lineHeight": "var(--wp--custom--typography--line-height--paragraph)"
		}
	},
	"templateParts": [
		{
			"area": "header",
			"name": "header",
			"title": "Header"
		},
		{
			"area": "header",
			"name": "main-header",
			"title": "Main Header"
		},
		{
			"area": "footer",
			"name": "footer",
			"title": "Footer"
		},
		{
			"area": "footer",
			"name": "footer-columns",
			"title": "Footer Columns"
		},
		{
			"area": "uncategorized",
			"name": "post-content",
			"title": "Post Content"
		},
		{
			"area": "uncategorized",
			"name": "page-content",
			"title": "Page Content"
		},
		{
			"area": "uncategorized",
			"name": "sidebar",
			"title": "Sidebar"
		}
	],
	"version": 3
}